run,status,loss,accuracy,perplexity
main_full,done,1.0488,0.6749,2.85
baseline_most_frequent,done,7.6454,0.1552,2091.09
baseline_ngram,done,1.8089,0.5206,6.1
baseline_simple_rnn,done,1.5234,0.5432,4.59
smoke,done,1.2959,0.5845,3.65
baseline_small_rnn,done,1.5234,0.5432,4.59
E12_cpu,done,1.9034,0.4428,6.71
E12_gpu,done,1.8849,0.4379,6.59
var_many2many,done,2.8482,0.5873,17.26
var_stateful,done,1.4377,0.5486,4.21
var_cnn,done,1.727,0.5096,5.62
E1_sgd,done,3.2075,0.1553,24.72
E1_sgd_mom,done,2.6262,0.34,13.82
E1_nag,done,2.673,0.3208,14.48
E1_adagrad,done,1.4845,0.5475,4.41
E1_adadelta,done,3.4115,0.1553,30.31
E1_rmsprop,done,1.3216,0.6071,3.75
E1_adam,done,1.3406,0.5736,3.82
E2_clip_on,done,3.0028,0.1553,20.14
E2_clip_off,done,2.9872,0.1553,19.83
E3_d0,done,1.3519,0.5688,3.86
E3_d03,done,1.3557,0.5722,3.88
E3_d05,done,1.3582,0.5704,3.89
E4_bn,done,1.4345,0.6076,4.2
E6_u128,done,1.4096,0.5546,4.09
E6_u512,done,1.3419,0.5752,3.83
E7_s32,done,1.3088,0.5849,3.7
E7_s100,done,1.3833,0.566,3.99
E11_b32_lr1e-3,done,1.3173,0.5829,3.73
E11_b64_lr1e-3,done,1.391,0.5703,4.02
E11_b32_lr3e-3,done,1.3632,0.5764,3.91
E11_b32_lr1e-2,done,1.8397,0.4481,6.29
E11_b64_lr1e-2,done,2.9975,0.1228,20.04
E5_activation_init,done_as_analysis,0,0,0
E8_temperature,done_reuse_phase7,0,0,0
E9_stateful,done_reuse_phase5,1.4377,0.5486,4.21
E10_family,done_reuse_phases4_6,0,0,0
